{
	"glider" : "Ventus2-15m",
	"max ballast" : 0,
	"wing_area" : 0,
	"specifications": {
		"SandroExcel-m1" : {
			"method" : "by-hand",
			"wing_loading": 0,
			"weight": 330,
			"speed": [68.84696838, 73.76460897, 78.68224957, 83.59989017, 88.51753077, 93.43517137, 98.35281196, 103.2704526, 108.1880932, 113.1057338, 118.0233744, 122.941015, 127.8586556, 132.7762962, 137.6939368, 142.6115773, 147.5292179, 152.4468585, 157.3644991, 162.2821397, 167.1997803, 172.1174209, 177.0350615, 181.9527021, 186.8703427, 191.7879833, 196.7056239, 201.6232645, 206.5409051, 211.4585457],
			"sink_rate" : [-0.79,-0.65,-0.59,-0.55,-0.550387253,-0.573848087,-0.598861614,-0.622868057,-0.653421406,-0.695763406,-0.7455988,-0.821517352,-0.905086056,-0.996781735,-1.091231836,-1.188781525,-1.288972367,-1.391577762,-1.50030469,-1.615824322,-1.735788218,-1.861589423,-1.993405703,-2.12970456,-2.274785256,-2.423297486,-2.576628757,-2.735159079,-2.905160439,-3.09895833]
		},
		"SandroExcel-m2": {
			"method" : "ABC",
			"wing_loading": 0, 
			"weight" : 430,
			"A": 1.5,
			"B" : -2.92,
			"C" : 2.1
		},
		"SandroExcel-m3": {
			"method" : "ABC",
			"wing_loading": 0, 
			"weight" : 330,
			"A": 1.7123,
			"B" : -2.92,
			"C" : 1.8397
		},
		"SandroExcel-m4": {
			"method" : "ABC",
			"wing_loading": 0, 
			"weight" : 500,
			"A": 1.391,
			"B" : -2.92,
			"C" : 2.2645
		},
		"SandroExcel-m5": {
			"method" : "3-points",
			"wing_loading": 0, 
			"speed": [0,0,0],
			"sink_rate" : [-0.55, -0.8, -2.8]
		}
	}
}